,EmployeeNumber,Attrition
0,104,No
1,1638,No
2,164,No
3,395,No
4,53,No
5,1467,Yes
6,727,No
7,351,No
8,555,Yes
9,253,No
10,32,No
11,1015,No
12,1858,No
13,1383,No
14,894,No
15,336,No
16,208,No
17,684,Yes
18,362,No
19,364,Yes
20,428,No
21,1836,No
22,1893,No
23,837,No
24,1085,No
25,881,Yes
26,1725,No
27,1125,No
28,1361,No
29,1161,No
30,1428,No
31,975,No
32,1928,Yes
33,1317,No
34,1258,No
35,875,No
36,377,No
37,2025,No
38,543,No
39,24,No
40,1805,No
41,1239,No
42,1641,No
43,1443,No
44,970,Yes
45,340,No
46,1871,No
47,1117,No
48,1464,Yes
49,1941,No
50,1803,No
51,450,No
52,474,No
53,827,No
54,1677,No
55,1098,Yes
56,511,No
57,1612,No
58,2061,No
59,372,No
60,103,No
61,819,Yes
62,900,No
63,1615,No
64,1639,Yes
65,717,No
66,1224,No
67,1998,No
68,1457,Yes
69,1802,No
70,558,No
71,1311,No
72,1293,No
73,1004,Yes
74,1434,No
75,184,No
76,1163,No
77,451,No
78,1070,No
79,483,No
80,1954,No
81,416,No
82,374,No
83,683,No
84,460,No
85,314,No
86,721,No
87,139,No
88,1635,No
89,352,No
90,580,No
91,1056,No
92,388,No
93,1556,No
94,194,No
95,305,No
96,246,No
97,1714,Yes
98,820,No
99,1850,No
100,1647,No
101,1955,No
102,1228,No
103,1961,No
104,1678,No
105,1875,No
106,1981,No
107,2060,No
108,1544,No
109,1033,Yes
110,1032,No
111,527,No
112,1336,No
113,924,No
114,507,No
115,1627,No
116,758,No
117,1243,No
118,124,No
119,1441,No
120,1267,No
121,895,No
122,487,No
123,1162,No
124,2014,No
125,692,No
126,1783,Yes
127,1077,Yes
128,96,No
129,455,No
130,836,No
131,775,No
132,1425,No
133,498,No
134,36,No
135,1362,No
136,1669,No
137,1094,No
138,454,Yes
139,1251,No
140,207,No
141,1881,No
142,1611,No
143,933,No
144,56,No
145,505,No
146,463,No
147,1027,No
148,967,Yes
149,1088,No
150,446,No
151,233,No
152,1166,No
153,293,No
154,1847,No
155,1150,No
156,1601,No
157,306,No
158,1233,No
159,1970,No
160,397,No
161,730,No
162,107,No
163,1701,No
164,1466,No
165,39,No
166,145,No
167,458,No
168,23,No
169,83,No
170,844,No
171,1655,No
172,1308,No
173,1809,Yes
174,462,No
175,1676,No
176,1045,No
177,378,No
178,1167,Yes
179,1967,Yes
180,1774,No
181,2015,No
182,1193,No
183,1499,No
184,386,No
185,406,No
186,807,No
187,1873,No
188,1397,No
189,228,No
190,987,No
191,1698,No
192,1350,No
193,567,No
194,772,No
195,1854,No
196,799,No
197,21,No
198,1515,No
199,475,No
200,1645,Yes
201,605,No
202,430,No
203,1240,No
204,110,No
205,238,No
206,738,No
207,38,No
208,731,No
209,615,No
210,1591,No
211,1431,No
212,1694,No
213,743,No
214,178,No
215,1211,No
216,1830,No
217,952,Yes
218,1932,No
219,1552,No
220,261,Yes
221,1083,No
222,1975,No
223,1035,No
224,1002,No
225,960,Yes
226,215,No
227,824,No
228,335,No
229,675,No
230,1504,Yes
231,667,Yes
232,829,No
233,1673,No
234,1746,No
235,1206,No
236,312,No
237,1024,No
238,1766,No
239,1082,Yes
240,57,No
241,709,No
242,444,No
243,702,Yes
244,118,Yes
245,1459,Yes
246,242,No
247,441,No
248,2021,No
249,1481,No
250,574,No
251,1929,No
252,76,No
253,26,No
254,404,No
255,1496,No
256,423,No
257,1709,No
258,1096,No
259,1465,No
260,1724,No
261,2032,Yes
262,1956,No
263,1204,No
264,204,No
265,437,No
266,918,Yes
267,245,No
268,686,No
269,641,No
270,7,No
271,1043,No
272,1299,Yes
273,1242,No
274,868,No
275,950,No
276,957,No
277,479,No
278,11,No
279,879,No
280,781,No
281,175,Yes
282,1586,No
283,1752,Yes
284,608,Yes
285,407,No
286,1608,No
287,1207,No
288,2,No
289,1133,No
290,1782,No
291,332,No
292,422,No
293,148,No
294,582,Yes
295,1598,No
296,1628,No
297,1852,No
298,789,No
299,154,No
300,1732,No
301,1355,No
302,1472,No
303,826,No
304,1503,No
305,1736,No
306,35,No
307,994,Yes
308,1215,No
309,977,Yes
310,153,No
311,1594,No
312,1124,No
313,341,No
314,2018,No
315,1692,Yes
316,631,Yes
317,997,No
318,299,Yes
319,1892,No
320,843,No
321,291,Yes
322,1196,No
323,2022,No
324,64,Yes
325,1485,No
326,940,No
327,1704,No
328,1815,No
329,1231,No
330,411,No
331,639,No
332,190,Yes
333,353,No
334,922,Yes
335,925,No
336,250,No
337,1143,No
338,150,No
339,2041,No
340,621,No
341,2053,No
342,1979,No
343,131,No
344,2027,Yes
345,1422,No
346,259,No
347,297,Yes
348,665,No
349,1996,No
350,1281,No
351,165,Yes
352,885,No
353,281,No
354,1535,No
355,926,Yes
356,1968,Yes
357,1136,No
358,1474,No
359,664,No
360,1973,No
361,33,Yes
362,160,No
363,847,No
364,1522,Yes
365,1185,No
366,1248,Yes
367,1216,No
368,1813,No
369,15,No
370,1218,No
371,587,Yes
372,1572,Yes
373,47,Yes
374,1486,Yes
375,1377,No
376,445,Yes
377,620,No
378,1798,No
379,1935,No
380,382,No
381,2044,Yes
382,776,No
383,1658,No
384,910,No
385,1834,No
386,1100,Yes
387,949,No
388,1754,No
389,916,No
390,1138,No
391,143,No
392,544,No
393,524,No
394,1277,Yes
395,1137,No
396,1583,No
397,1283,No
398,12,No
399,823,No
400,112,No
401,581,No
402,1912,No
403,1022,No
404,197,No
405,1827,No
406,1525,No
407,1329,No
408,1712,No
409,1927,No
410,30,No
411,1346,No
412,862,No
413,2062,No
414,1529,No
415,2010,No
416,333,No
417,1938,No
418,1018,No
419,842,Yes
420,749,No
421,206,No
422,1971,No
423,804,No
424,959,Yes
425,496,No
426,1839,No
427,746,No
428,1547,No
429,998,No
430,1280,No
431,1255,No
432,183,No
433,1865,No
434,1703,No
435,1947,No
436,1279,Yes
437,1409,No
438,262,No
439,495,No
440,793,No
441,1460,No
442,1391,No
443,134,No
444,1989,No
445,119,No
446,2055,Yes
447,754,No
448,1683,No
449,920,No
450,274,No
451,1745,No
452,461,No
453,1596,No
454,1900,No
455,532,No
456,1602,No
457,171,No
458,1509,No
459,934,No
460,1609,No
461,1372,Yes
462,369,No
463,315,Yes
464,1310,Yes
465,198,No
466,1264,No
467,1697,No
468,465,No
469,1435,No
470,334,No
471,1523,No
472,1734,Yes
473,339,No
474,992,No
475,31,Yes
476,161,Yes
477,2068,No
478,534,No
479,803,No
480,1969,No
481,1751,No
482,1430,No
483,113,No
484,880,No
485,367,No
486,1541,No
487,137,Yes
488,2048,No
489,742,No
490,1780,Yes
491,1761,Yes
492,1985,No
493,1661,No
494,8,No
495,715,No
496,720,Yes
497,1226,No
498,602,No
499,128,No
500,1448,No
501,1106,Yes
502,182,No
503,1367,No
504,1870,No
505,40,No
506,1987,No
507,549,No
508,1001,No
509,927,Yes
510,584,Yes
511,1184,No
512,1548,No
513,585,No
514,27,Yes
515,226,No
516,1017,Yes
517,792,No
518,221,No
519,2064,No
520,1356,No
521,599,No
522,513,No
523,1152,No
524,1109,No
525,771,No
526,1458,Yes
527,1446,No
528,2000,No
529,1076,No
530,1389,Yes
531,733,No
532,874,No
533,1740,No
534,1275,No
535,852,No
536,1585,No
537,1662,No
538,1707,No
539,55,Yes
540,762,No
541,1318,Yes
542,586,No
543,1411,No
544,2045,No
545,796,Yes
546,1940,No
547,1049,No
548,384,No
549,1013,No
550,510,Yes
551,1878,Yes
552,1533,No
553,1722,No
554,1885,No
555,162,No
556,2023,Yes
557,1421,Yes
558,1392,No
559,1886,No
560,1375,No
561,1767,Yes
562,1768,No
563,800,No
564,426,No
565,932,Yes
566,1588,No
567,296,No
568,947,No
569,1682,No
570,1546,No
571,1502,No
572,1069,No
573,1716,Yes
574,536,No
575,825,Yes
576,632,No
577,663,No
578,649,No
579,625,No
580,200,No
581,1693,No
582,630,No
583,1489,Yes
584,763,No
585,1733,Yes
586,845,No
587,550,No
588,448,No
589,241,No
590,1403,No
591,556,No
592,811,Yes
593,1007,No
594,309,No
595,1542,No
596,1358,No
597,433,Yes
598,419,No
599,1298,No
600,284,No
601,783,No
602,1412,No
603,1026,No
604,1824,No
605,976,No
606,566,Yes
607,469,No
608,254,No
609,1965,No
610,1364,No
611,1484,No
612,169,No
613,1613,No
614,1250,No
615,999,No
616,1527,No
617,20,No
618,1225,No
619,518,No
620,699,No
621,1270,No
622,2019,No
623,1190,No
624,1417,No
625,624,No
626,1156,Yes
627,1265,No
628,1922,No
629,806,No
630,1127,Yes
631,564,No
632,529,No
633,485,Yes
634,424,No
635,121,No
636,1037,Yes
637,1436,No
638,1960,Yes
639,1720,No
640,387,No
641,70,No
642,1157,Yes
643,700,No
644,1822,No
645,838,No
646,941,No
647,1420,Yes
648,338,No
649,449,No
650,1691,Yes
651,1651,No
652,1617,No
653,812,No
654,614,Yes
655,1737,No
656,945,No
657,1804,No
658,889,No
659,343,No
660,520,No
661,1415,No
662,252,No
663,1079,Yes
664,716,No
665,1837,No
666,501,No
667,288,No
668,958,No
669,850,No
670,1551,No
671,1721,No
672,1949,No
673,1797,Yes
674,848,Yes
675,565,Yes
676,1739,No
677,1670,No
678,1092,No
679,140,No
680,1640,No
681,337,No
682,2007,No
683,1252,No
684,1449,No
685,1419,No
686,1340,No
687,612,No
688,964,No
689,350,No
690,644,No
691,2057,No
692,51,No
693,1081,Yes
694,2038,No
695,1480,No
696,1046,No
697,729,No
698,98,No
699,1379,Yes
700,1706,No
701,1405,Yes
702,1945,No
703,484,No
704,638,No
705,376,Yes
706,1553,No
707,1212,No
708,961,No
709,1294,No
710,1103,No
711,1980,No
712,981,No
713,936,No
714,308,No
715,1380,Yes
716,1210,Yes
717,235,Yes
718,859,No
719,1042,Yes
720,882,No
721,1657,No
722,1118,No
723,984,No
724,1241,No
725,1775,No
726,1903,No
727,410,No
728,1101,Yes
729,1304,No
730,319,No
731,420,No
732,723,Yes
733,1440,No
734,833,No
735,1599,No
736,972,No
737,476,No
738,766,No
739,1273,Yes
740,1401,No
741,1573,Yes
742,1289,No
743,722,No
744,224,No
745,116,No
746,385,No
747,193,No
748,1974,No
749,488,Yes
750,1931,No
751,1667,Yes
752,1756,No
753,662,No
754,1055,No
755,1012,No
756,712,No
757,1801,No
758,1321,No
759,1115,No
760,1719,No
761,515,No
762,828,Yes
763,1482,No
764,2017,No
765,438,No
766,902,No
767,1800,No
768,546,No
769,1314,No
770,593,Yes
771,500,No
772,1554,No
773,1352,No
774,986,Yes
775,1771,No
776,1423,No
777,316,No
778,601,No
779,851,No
780,2065,No
781,904,No
782,431,No
783,1360,Yes
784,1497,No
785,816,Yes
786,1014,No
787,106,No
788,1883,No
789,983,No
790,578,No
791,680,No
792,857,No
793,346,No
794,1710,No
795,2037,No
796,897,No
797,174,No
798,1909,No
799,773,No
800,1344,No
801,138,No
802,179,Yes
803,1245,No
804,1829,No
805,1260,No
806,969,No
807,1558,No
808,854,No
809,328,Yes
810,1038,Yes
811,1291,No
812,300,Yes
813,1135,No
814,304,No
815,1576,No
816,551,No
817,1618,No
818,62,No
819,1814,No
820,1120,No
821,1461,No
822,1569,Yes
823,864,No
824,1198,No
825,560,No
826,666,No
827,1943,No
828,1668,No
829,1396,No
830,1254,No
831,359,No
832,1285,No
833,1755,No
834,494,Yes
835,1816,No
836,939,No
837,1292,No
838,805,No
839,530,No
840,1119,No
841,1113,Yes
842,728,No
843,1939,Yes
844,1772,No
845,144,No
846,606,No
847,752,Yes
848,1487,Yes
849,1631,No
850,1880,No
851,141,No
852,80,No
853,147,Yes
854,1368,No
855,1036,No
856,1034,No
857,1278,No
858,1876,Yes
859,1200,Yes
860,1786,No
861,1666,No
862,1916,No
863,158,No
864,1614,No
865,1108,Yes
866,1107,Yes
867,286,No
868,1182,No
869,657,No
870,1557,No
871,227,No
872,1164,No
873,1753,No
874,2046,No
875,1238,No
876,1288,No
877,1684,Yes
878,471,No
879,1349,No
880,2003,No
881,905,No
882,1863,No
883,1427,Yes
884,1656,No
885,1407,No
886,16,No
887,944,No
888,1859,No
889,1053,Yes
890,623,No
891,966,No
892,1731,No
893,704,No
894,872,No
895,1882,No
896,2049,No
897,355,Yes
898,1286,No
899,52,No
900,1469,No
901,405,Yes
902,151,No
903,1574,No
904,1952,No
905,1537,Yes
906,1794,No
907,2016,No
908,650,Yes
909,951,No
910,1158,No
911,1744,No
912,41,No
913,1009,No
914,1578,No
915,105,No
916,1948,No
917,797,No
918,732,No
919,1568,No
920,1605,No
921,379,No
922,634,No
923,1066,No
924,1687,No
925,283,Yes
926,1259,No
927,786,No
928,1735,No
929,1315,No
930,1770,No
931,1477,No
932,613,No
933,942,No
934,1374,No
935,481,No
936,1784,No
937,725,No
938,1180,No
939,74,No
940,834,No
941,282,Yes
942,132,No
943,54,No
944,656,No
945,784,No
946,1074,No
947,1501,No
948,710,No
949,1040,No
950,1068,No
951,855,No
952,1188,Yes
953,1747,Yes
954,347,No
955,239,No
956,1853,No
957,1221,No
958,1387,No
959,840,Yes
960,1301,No
961,68,No
962,1399,No
963,389,No
964,2056,No
965,690,No
966,893,No
967,1217,No
968,421,No
969,1944,Yes
970,554,Yes
971,217,No
972,1111,Yes
973,1995,No
974,1595,No
975,1907,Yes
976,1177,No
977,1047,No
978,1471,No
979,901,No
980,1790,No
981,1680,No
982,392,Yes
983,133,Yes
984,516,No
985,1621,No
986,1604,Yes
987,1580,No
988,1492,No
989,548,No
990,1729,No
991,1890,No
992,1562,Yes
993,571,No
994,329,No
995,1924,No
996,1986,No
997,923,Yes
998,1864,No
999,214,No
1000,373,No
1001,49,No
1002,1039,No
1003,473,No
1004,526,No
1005,2052,No
1006,117,No
1007,701,Yes
1008,1257,No
1009,1114,No
1010,878,No
1011,452,No
1012,597,No
1013,802,No
1014,478,Yes
1015,1649,Yes
1016,1048,No
1017,1132,No
1018,95,No
1019,1268,No
1020,91,No
1021,381,No
1022,547,No
1023,399,No
1024,832,No
1025,791,No
1026,247,No
1027,256,No
1028,1933,Yes
1029,1369,No
1030,591,No
1031,403,No
1032,361,No
1033,1029,No
1034,436,No
1035,996,No
1036,1992,No
1037,1010,Yes
1038,1234,No
1039,616,No
1040,1495,No
1041,1789,No
1042,1606,No
1043,467,No
1044,568,No
1045,1696,No
1046,287,No
1047,1664,No
1048,273,No
1049,1758,Yes
1050,645,No
1051,264,No
1052,447,No
1053,125,No
1054,1823,No
1055,1319,Yes
1056,1622,No
1057,202,No
1058,533,No
1059,90,Yes
1060,1179,No
1061,1195,No
1062,760,No
1063,1951,No
1064,525,No
1065,1249,No
1066,63,No
1067,1650,No
1068,1269,No
1069,249,No
1070,1857,No
1071,912,No
1072,1116,No
1073,1826,No
1074,579,No
1075,671,No
1076,61,No
1077,1898,No
1078,244,No
1079,1849,No
1080,1869,Yes
1081,679,No
1082,88,No
1083,1173,No
1084,1936,No
1085,58,Yes
1086,1856,No
1087,120,No
1088,995,No
1089,497,No
1090,327,No
1091,1099,No
1092,956,No
1093,1131,No
1094,1324,No
1095,1821,Yes
1096,101,No
1097,521,No
1098,86,No
1099,240,No
1100,1256,No
1101,899,No
1102,741,Yes
1103,271,No
1104,321,No
1105,1447,No
1106,1702,Yes
1107,648,Yes
1108,84,No
1109,1539,No
1110,425,No
1111,277,No
1112,1073,No
1113,1097,No
1114,1867,No
1115,691,No
1116,1424,No
1117,1473,No
1118,1003,No
1119,412,No
1120,635,No
1121,1025,No
1122,205,No
1123,192,No
1124,1762,No
1125,230,No
1126,508,No
1127,887,No
1128,1646,No
1129,1312,No
1130,176,No
1131,163,Yes
1132,142,Yes
1133,393,No
1134,311,No
1135,714,No
1136,267,No
1137,913,No
1138,1633,No
1139,2035,No
1140,1071,No
1141,1763,No
1142,1453,No
1143,1175,Yes
1144,167,Yes
1145,1105,No
1146,1993,No
1147,653,No
1148,1506,No
1149,323,No
1150,1052,Yes
1151,270,No
1152,1866,No
1153,342,Yes
1154,1478,No
1155,72,No
1156,1997,No
1157,861,No
1158,659,No
1159,1648,No
1160,1681,No
1161,46,No
1162,655,No
1163,2020,No
1164,1545,No
1165,60,No
1166,1582,No
1167,1577,No
1168,1060,No
1169,391,No
1170,1165,Yes
1171,590,Yes
1172,1642,No
1173,1860,No
1174,1625,No
1175,1764,No
1176,1787,No
1177,2013,No
1178,45,Yes
1179,1818,Yes
1180,1659,No
1181,2054,No
1182,517,No
1183,1842,Yes
1184,28,No
1185,2012,No
1186,1982,No
1187,1016,Yes
1188,502,Yes
1189,491,No
1190,79,No
1191,896,Yes
1192,349,No
1193,888,No
1194,1555,No
1195,600,No
1196,1203,Yes
1197,292,No
1198,1172,No
1199,647,Yes
1200,1306,No
1201,661,No
1202,1950,No
1203,1102,No
1204,2040,No
1205,231,No
1206,1792,Yes
1207,611,No
1208,22,No
1209,1128,No
1210,577,No
1211,97,No
1212,830,No
1213,1297,No
1214,1121,No
1215,1140,No
1216,466,No
1217,1334,No
1218,1,Yes
1219,1044,No
1220,1520,No
1221,1322,No
1222,18,No
1223,1030,No
1224,769,No
1225,867,No
1226,1934,No
1227,1394,No
1228,94,No
1229,1507,No
1230,1534,Yes
1231,903,No
1232,1844,Yes
1233,298,No
1234,330,No
1235,464,No
1236,1011,No
1237,19,Yes
1238,954,No
1239,1296,No
1240,2026,No
1241,531,No
1242,1220,No
1243,1513,No
1244,1908,No
1245,985,No
1246,618,No
1247,260,No
1248,813,No
1249,453,No
1250,477,No
1251,1905,Yes
1252,2051,No
1253,1338,No
1254,1708,No
1255,482,No
1256,698,No
1257,211,No
1258,909,No
1259,1653,No
1260,78,No
1261,442,No
1262,380,No
1263,199,No
1264,170,No
1265,81,No
1266,982,No
1267,809,No
1268,302,No
1269,390,No
1270,734,No
1271,394,Yes
1272,152,No
1273,1309,Yes
1274,569,No
1275,201,No
1276,1483,No
1277,974,No
1278,1597,No
1279,1219,Yes
1280,757,No
1281,1972,No
1282,1581,No
1283,1862,Yes
1284,2024,No
1285,1475,No
1286,689,No
1287,14,No
1288,643,No
1289,1779,No
1290,218,No
1291,1390,No
1292,1307,No
1293,1371,No
1294,1006,No
1295,1760,No
1296,1718,No
1297,705,No
1298,456,No
1299,85,No
1300,1050,No
1301,1061,No
1302,1514,No
1303,1549,No
1304,1590,No
1305,538,Yes
1306,100,No
1307,1994,No
1308,1918,No
1309,1019,No
1310,677,No
1311,1171,No
1312,522,No
1313,100000,
1314,100001,
1315,100002,
1316,100003,
1317,100004,
1318,100005,
1319,100006,
1320,100007,
1321,100008,
1322,100009,
1323,100010,
1324,100011,
1325,100012,
1326,100013,
1327,100014,
1328,100015,
1329,100016,
1330,100017,
1331,100018,
1332,100019,
1333,100020,
1334,100021,
1335,100022,
1336,100023,
1337,100024,
1338,100025,
1339,100026,
1340,100027,
1341,100028,
1342,100029,
1343,100030,
1344,100031,
1345,100032,
1346,100033,
1347,100034,
1348,100035,
1349,100036,
1350,100037,
1351,100038,
1352,100039,
1353,100040,
1354,100041,
1355,100042,
1356,100043,
1357,100044,
1358,100045,
1359,100046,
1360,100047,
1361,100048,
1362,100049,
1363,100050,
1364,100051,
1365,100052,
1366,100053,
1367,100054,
1368,100055,
1369,100056,
1370,100057,
1371,100058,
1372,100059,
1373,100060,
1374,100061,
1375,100062,
1376,100063,
1377,100064,
1378,100065,
1379,100066,
1380,100067,
1381,100068,
1382,100069,
1383,100070,
1384,100071,
1385,100072,
1386,100073,
1387,100074,
1388,100075,
1389,100076,
1390,100077,
1391,100078,
1392,100079,
1393,100080,
1394,100081,
1395,100082,
1396,100083,
1397,100084,
1398,100085,
1399,100086,
1400,100087,
1401,100088,
1402,100089,
1403,100090,
1404,100091,
1405,100092,
1406,100093,
1407,100094,
1408,100095,
1409,100096,
1410,100097,
1411,100098,
1412,100099,
1413,100100,
1414,100101,
1415,100102,
1416,100103,
1417,100104,
1418,100105,
1419,100106,
1420,100107,
1421,100108,
1422,100109,
1423,100110,
1424,100111,
1425,100112,
1426,100113,
1427,100114,
1428,100115,
1429,100116,
1430,100117,
1431,100118,
1432,100119,
1433,100120,
1434,100121,
1435,100122,
1436,100123,
1437,100124,
1438,100125,
1439,100126,
1440,100127,
1441,100128,
1442,100129,
1443,100130,
1444,100131,
1445,100132,
1446,100133,
1447,100134,
1448,100135,
1449,100136,
1450,100137,
1451,100138,
1452,100139,
1453,100140,
1454,100141,
1455,100142,
1456,100143,
1457,100144,
1458,100145,
1459,100146,
1460,5001,No
1461,5002,Yes
1462,5003,No
1463,5004,No
1464,5005,Yes
1465,5006,Yes
1466,5007,No
1467,5008,Yes
1468,5009,No
1469,5010,Yes
1470,5011,Yes
1471,5012,Yes
1472,5013,Yes
1473,5014,Yes
1474,5015,No
1475,5016,No
1476,5017,Yes
1477,5018,No
1478,5019,Yes
1479,5020,Yes
1480,5021,Yes
1481,5022,Yes
1482,5023,Yes
1483,5024,No
1484,5025,Yes
1485,5026,No
1486,5027,Yes
1487,5028,Yes
1488,5029,Yes
1489,5030,Yes
1490,5031,Yes
1491,5032,Yes
1492,5033,Yes
1493,5034,Yes
1494,5035,Yes
1495,5036,No
1496,5037,Yes
1497,5038,Yes
1498,5039,Yes
1499,5040,Yes
1500,5041,Yes
1501,5042,Yes
1502,5043,Yes
1503,5044,Yes
1504,5045,Yes
1505,5046,Yes
1506,5047,Yes
1507,5048,Yes
1508,5049,Yes
1509,5050,Yes
1510,5051,Yes
1511,5052,Yes
1512,5053,Yes
1513,5054,No
1514,5055,Yes
1515,5056,Yes
1516,5057,No
1517,5058,No
1518,5059,No
1519,5060,No
1520,5061,No
1521,5062,No
1522,5063,Yes
1523,5064,Yes
1524,5065,No
1525,5066,Yes
1526,5067,Yes
1527,5068,Yes
1528,5069,Yes
1529,5070,No
1530,5071,Yes
1531,5072,No
1532,5073,No
1533,5074,No
1534,5075,Yes
1535,5076,No
1536,5077,No
1537,5078,Yes
1538,5079,Yes
1539,5080,Yes
1540,5081,Yes
1541,5082,Yes
1542,5083,Yes
1543,5084,Yes
1544,5085,No
1545,5086,Yes
1546,5087,Yes
1547,5088,Yes
1548,5089,Yes
1549,5090,No
1550,5091,No
1551,5092,Yes
1552,5093,Yes
1553,5094,No
1554,5095,Yes
1555,5096,Yes
1556,5097,Yes
1557,5098,Yes
1558,5099,Yes
1559,5100,Yes
1560,5101,Yes
1561,5102,Yes
1562,5103,Yes
1563,5104,Yes
1564,5105,No
1565,5106,No
1566,5107,Yes
1567,5108,Yes
1568,5109,No
1569,5110,No
1570,5111,Yes
1571,5112,No
1572,5113,Yes
1573,5114,Yes
1574,5115,No
1575,5116,Yes
1576,5117,No
1577,5118,Yes
1578,5119,Yes
1579,5120,No
1580,5121,No
1581,5122,Yes
1582,5123,Yes
1583,5124,No
1584,5125,Yes
1585,5126,Yes
1586,5127,Yes
1587,5128,No
1588,5129,Yes
1589,5130,Yes
1590,5131,Yes
1591,5132,Yes
1592,5133,Yes
1593,5134,Yes
1594,5135,Yes
1595,5136,Yes
1596,5137,No
1597,5138,No
1598,5139,Yes
1599,5140,Yes
1600,5141,No
1601,5142,Yes
1602,5143,Yes
1603,5144,No
1604,5145,No
1605,5146,Yes
1606,5147,Yes
1607,5148,Yes
1608,5149,Yes
1609,5150,No
1610,5151,No
1611,5152,Yes
1612,5153,No
1613,5154,No
1614,5155,Yes
1615,5156,No
1616,5157,Yes
1617,5158,Yes
1618,5159,Yes
1619,5160,Yes
1620,5161,Yes
1621,5162,Yes
1622,5163,Yes
1623,5164,Yes
1624,5165,Yes
1625,5166,No
1626,5167,Yes
1627,5168,Yes
1628,5169,Yes
1629,5170,Yes
1630,5171,No
1631,5172,Yes
1632,5173,Yes
1633,5174,Yes
1634,5175,No
1635,5176,No
1636,5177,Yes
1637,5178,No
1638,5179,No
1639,5180,Yes
1640,5181,Yes
1641,5182,Yes
1642,5183,Yes
1643,5184,Yes
1644,5185,Yes
1645,5186,Yes
1646,5187,Yes
1647,5188,Yes
1648,5189,Yes
1649,5190,Yes
1650,5191,No
1651,5192,No
1652,5193,Yes
1653,5194,Yes
1654,5195,Yes
1655,5196,Yes
1656,5197,No
1657,5198,Yes
1658,5199,Yes
1659,5200,Yes
1660,5201,Yes
1661,5202,Yes
1662,5203,No
1663,5204,Yes
1664,5205,No
1665,5206,Yes
1666,5207,Yes
1667,5208,Yes
1668,5209,No
1669,5210,No
1670,5211,Yes
1671,5212,Yes
1672,5213,Yes
1673,5214,Yes
1674,5215,Yes
1675,5216,No
1676,5217,Yes
1677,5218,Yes
1678,5219,Yes
1679,5220,Yes
1680,5221,Yes
1681,5222,Yes
1682,5223,Yes
1683,5224,Yes
1684,5225,No
1685,5226,Yes
1686,5227,Yes
1687,5228,Yes
1688,5229,Yes
1689,5230,Yes
1690,5231,Yes
1691,5232,Yes
1692,5233,Yes
1693,5234,Yes
1694,5235,Yes
1695,5236,No
1696,5237,Yes
1697,5238,No
1698,5239,Yes
1699,5240,No
1700,5241,Yes
1701,5242,Yes
1702,5243,Yes
1703,5244,Yes
1704,5245,No
1705,5246,Yes
1706,5247,Yes
1707,5248,No
1708,5249,Yes
1709,5250,No
1710,5251,No
1711,5252,No
1712,5253,Yes
1713,5254,Yes
1714,5255,Yes
1715,5256,Yes
1716,5257,No
1717,5258,No
1718,5259,Yes
1719,5260,No
1720,5261,No
1721,5262,Yes
1722,5263,Yes
1723,5264,Yes
1724,5265,No
1725,5266,Yes
1726,5267,No
1727,5268,Yes
1728,5269,No
1729,5270,Yes
1730,5271,Yes
1731,5272,No
1732,5273,Yes
1733,5274,No
1734,5275,Yes
1735,5276,No
1736,5277,No
1737,5278,Yes
1738,5279,No
1739,5280,Yes
1740,5281,No
1741,5282,No
1742,5283,No
1743,5284,Yes
1744,5285,Yes
1745,5286,Yes
1746,5287,Yes
1747,5288,No
1748,5289,Yes
1749,5290,Yes
1750,5291,Yes
1751,5292,Yes
1752,5293,No
1753,5294,Yes
1754,5295,No
1755,5296,Yes
1756,5297,No
1757,5298,Yes
1758,5299,Yes
1759,5300,Yes
1760,5301,Yes
1761,5302,Yes
1762,5303,Yes
1763,5304,Yes
1764,5305,No
1765,5306,No
1766,5307,No
1767,5308,Yes
1768,5309,Yes
1769,5310,Yes
1770,5311,Yes
1771,5312,No
1772,5313,No
1773,5314,Yes
1774,5315,Yes
1775,5316,Yes
1776,5317,No
1777,5318,No
1778,5319,Yes
1779,5320,No
1780,5321,No
1781,5322,Yes
1782,5323,Yes
1783,5324,Yes
1784,5325,No
1785,5326,Yes
1786,5327,Yes
1787,5328,No
1788,5329,No
1789,5330,Yes
1790,5331,Yes
1791,5332,No
1792,5333,Yes
1793,5334,No
1794,5335,No
1795,5336,No
1796,5337,Yes
1797,5338,No
1798,5339,Yes
1799,5340,Yes
1800,5341,No
1801,5342,Yes
1802,5343,Yes
1803,5344,No
1804,5345,Yes
1805,5346,Yes
1806,5347,No
1807,5348,Yes
1808,5349,No
1809,5350,Yes
1810,5351,No
1811,5352,Yes
1812,5353,Yes
1813,5354,Yes
1814,5355,Yes
1815,5356,Yes
1816,5357,No
1817,5358,Yes
1818,5359,Yes
1819,5360,No
1820,5361,Yes
1821,5362,Yes
1822,5363,No
1823,5364,No
1824,5365,No
1825,5366,Yes
1826,5367,Yes
1827,5368,No
1828,5369,No
1829,5370,Yes
1830,5371,Yes
1831,5372,No
1832,5373,No
1833,5374,Yes
1834,5375,Yes
1835,5376,No
1836,5377,Yes
1837,5378,Yes
1838,5379,No
1839,5380,Yes
1840,5381,No
1841,5382,Yes
1842,5383,Yes
1843,5384,Yes
1844,5385,Yes
1845,5386,No
1846,5387,Yes
1847,5388,Yes
1848,5389,Yes
1849,5390,Yes
1850,5391,Yes
1851,5392,No
1852,5393,Yes
1853,5394,No
1854,5395,Yes
1855,5396,Yes
1856,5397,Yes
1857,5398,Yes
1858,5399,No
1859,5400,Yes
1860,5401,Yes
1861,5402,Yes
1862,5403,Yes
1863,5404,Yes
1864,5405,Yes
1865,5406,No
1866,5407,Yes
1867,5408,Yes
1868,5409,Yes
1869,5410,Yes
1870,5411,Yes
1871,5412,Yes
1872,5413,Yes
1873,5414,Yes
1874,5415,Yes
1875,5416,No
1876,5417,Yes
1877,5418,Yes
1878,5419,Yes
1879,5420,No
1880,5421,Yes
1881,5422,No
1882,5423,Yes
1883,5424,Yes
1884,5425,No
1885,5426,No
1886,5427,Yes
1887,5428,Yes
1888,5429,No
1889,5430,Yes
1890,5431,No
1891,5432,Yes
1892,5433,Yes
1893,5434,Yes
1894,5435,Yes
1895,5436,Yes
1896,5437,Yes
1897,5438,Yes
1898,5439,No
1899,5440,Yes
1900,5441,Yes
1901,5442,Yes
1902,5443,No
1903,5444,Yes
1904,5445,Yes
1905,5446,Yes
1906,5447,No
1907,5448,No
1908,5449,Yes
1909,5450,Yes
1910,5451,Yes
1911,5452,Yes
1912,5453,Yes
1913,5454,Yes
1914,5455,No
1915,5456,Yes
1916,5457,No
1917,5458,Yes
1918,5459,Yes
1919,5460,No
1920,5461,Yes
1921,5462,No
1922,5463,Yes
1923,5464,No
1924,5465,Yes
1925,5466,Yes
1926,5467,No
1927,5468,Yes
1928,5469,Yes
1929,5470,No
1930,5471,Yes
1931,5472,Yes
1932,5473,No
1933,5474,Yes
1934,5475,Yes
1935,5476,Yes
1936,5477,No
1937,5478,No
1938,5479,Yes
1939,5480,Yes
1940,5481,No
1941,5482,No
1942,5483,No
1943,5484,No
1944,5485,Yes
1945,5486,No
1946,5487,Yes
1947,5488,No
1948,5489,No
1949,5490,No
1950,5491,No
1951,5492,Yes
1952,5493,Yes
1953,5494,Yes
1954,5495,Yes
1955,5496,Yes
1956,5497,Yes
1957,5498,Yes
1958,5499,Yes
1959,5500,No
1960,5501,Yes
1961,5502,Yes
1962,5503,Yes
1963,5504,No
1964,5505,No
1965,5506,No
1966,5507,No
1967,5508,Yes
1968,5509,No
1969,5510,Yes
1970,5511,Yes
1971,5512,No
1972,5513,Yes
1973,5514,Yes
1974,5515,Yes
1975,5516,Yes
1976,5517,No
1977,5518,Yes
1978,5519,No
1979,5520,Yes
1980,5521,Yes
1981,5522,Yes
1982,5523,Yes
1983,5524,Yes
1984,5525,No
1985,5526,Yes
1986,5527,Yes
1987,5528,Yes
1988,5529,Yes
1989,5530,Yes
1990,5531,No
1991,5532,Yes
1992,5533,Yes
1993,5534,No
1994,5535,Yes
1995,5536,Yes
1996,5537,No
1997,5538,No
1998,5539,No
1999,5540,Yes
2000,5541,No
2001,5542,Yes
2002,5543,Yes
2003,5544,Yes
2004,5545,Yes
2005,5546,Yes
2006,5547,Yes
2007,5548,No
2008,5549,Yes
2009,5550,No
2010,5551,Yes
2011,5552,Yes
2012,5553,Yes
2013,5554,No
2014,5555,Yes
2015,5556,No
2016,5557,Yes
2017,5558,No
2018,5559,Yes
2019,5560,Yes
2020,5561,Yes
2021,5562,No
2022,5563,Yes
2023,5564,No
2024,5565,Yes
2025,5566,Yes
2026,5567,Yes
2027,5568,Yes
2028,5569,Yes
2029,5570,Yes
2030,5571,No
2031,5572,No
2032,5573,No
2033,5574,Yes
2034,5575,Yes
2035,5576,No
2036,5577,No
2037,5578,Yes
2038,5579,Yes
2039,5580,No
2040,5581,Yes
2041,5582,Yes
2042,5583,Yes
2043,5584,Yes
2044,5585,Yes
2045,5586,Yes
2046,5587,Yes
2047,5588,Yes
2048,5589,No
2049,5590,Yes
2050,5591,Yes
2051,5592,Yes
2052,5593,Yes
2053,5594,No
2054,5595,Yes
2055,5596,Yes
2056,5597,Yes
2057,5598,Yes
2058,5599,No
2059,5600,No
2060,5601,Yes
2061,5602,No
2062,5603,No
2063,5604,Yes
2064,5605,Yes
2065,5606,Yes
2066,5607,No
2067,5608,No
2068,5609,No
2069,5610,Yes
2070,5611,Yes
2071,5612,Yes
2072,5613,Yes
2073,5614,Yes
2074,5615,Yes
2075,5616,Yes
2076,5617,Yes
2077,5618,Yes
2078,5619,No
2079,5620,Yes
2080,5621,Yes
2081,5622,Yes
2082,5623,Yes
2083,5624,Yes
2084,5625,Yes
2085,5626,Yes
2086,5627,Yes
2087,5628,Yes
2088,5629,Yes
2089,5630,Yes
2090,5631,Yes
2091,5632,Yes
2092,5633,No
2093,5634,Yes
2094,5635,Yes
2095,5636,Yes
2096,5637,Yes
2097,5638,No
2098,5639,No
2099,5640,Yes
2100,5641,No
2101,5642,No
2102,5643,Yes
2103,5644,No
2104,5645,Yes
2105,5646,Yes
2106,5647,No
2107,5648,Yes
2108,5649,Yes
2109,5650,Yes
2110,5651,Yes
2111,5652,Yes
2112,5653,Yes
2113,5654,No
2114,5655,Yes
2115,5656,Yes
2116,5657,No
2117,5658,Yes
2118,5659,Yes
2119,5660,Yes
2120,5661,No
2121,5662,No
2122,5663,Yes
2123,5664,No
2124,5665,Yes
2125,5666,No
2126,5667,Yes
2127,5668,No
2128,5669,No
2129,5670,No
2130,5671,No
2131,5672,No
2132,5673,Yes
2133,5674,No
2134,5675,Yes
2135,5676,No
2136,5677,Yes
2137,5678,Yes
2138,5679,Yes
2139,5680,No
2140,5681,No
2141,5682,No
2142,5683,Yes
2143,5684,Yes
2144,5685,Yes
2145,5686,No
2146,5687,No
2147,5688,Yes
2148,5689,Yes
2149,5690,Yes
2150,5691,Yes
2151,5692,No
2152,5693,Yes
2153,5694,Yes
2154,5695,Yes
2155,5696,Yes
2156,5697,Yes
2157,5698,No
2158,5699,Yes
2159,5700,No
2160,5701,Yes
2161,5702,Yes
2162,5703,Yes
2163,5704,No
2164,5705,Yes
2165,5706,No
2166,5707,Yes
2167,5708,Yes
2168,5709,Yes
2169,5710,No
2170,5711,Yes
2171,5712,Yes
2172,5713,No
2173,5714,No
2174,5715,Yes
2175,5716,No
2176,5717,Yes
2177,5718,Yes
2178,5719,Yes
2179,5720,Yes
2180,5721,No
2181,5722,Yes
2182,5723,Yes
2183,5724,Yes
2184,5725,Yes
2185,5726,Yes
2186,5727,Yes
2187,5728,Yes
2188,5729,No
2189,5730,No
2190,5731,Yes
2191,5732,Yes
2192,5733,Yes
2193,5734,Yes
2194,5735,No
2195,5736,No
2196,5737,Yes
2197,5738,Yes
2198,5739,No
2199,5740,Yes
2200,5741,Yes
2201,5742,No
2202,5743,Yes
2203,5744,No
2204,5745,Yes
2205,5746,No
2206,5747,No
2207,5748,Yes
2208,5749,No
2209,5750,No
2210,5751,No
2211,5752,No
2212,5753,No
2213,5754,Yes
2214,5755,Yes
2215,5756,Yes
2216,5757,Yes
2217,5758,Yes
2218,5759,Yes
2219,5760,Yes
2220,5761,Yes
2221,5762,No
2222,5763,Yes
2223,5764,No
2224,5765,Yes
2225,5766,No
2226,5767,No
2227,5768,No
2228,5769,Yes
2229,5770,Yes
2230,5771,Yes
2231,5772,No
2232,5773,Yes
2233,5774,Yes
2234,5775,No
2235,5776,Yes
2236,5777,Yes
2237,5778,Yes
2238,5779,Yes
2239,5780,No
2240,5781,Yes
2241,5782,Yes
2242,5783,No
2243,5784,Yes
2244,5785,Yes
2245,5786,Yes
2246,5787,No
2247,5788,Yes
2248,5789,Yes
2249,5790,No
2250,5791,No
2251,5792,Yes
2252,5793,No
2253,5794,Yes
2254,5795,Yes
2255,5796,Yes
2256,5797,No
2257,5798,Yes
2258,5799,Yes
2259,5800,No
2260,5801,Yes
2261,5802,No
2262,5803,Yes
2263,5804,No
2264,5805,Yes
2265,5806,Yes
2266,5807,No
2267,5808,No
2268,5809,Yes
2269,5810,Yes
2270,5811,Yes
2271,5812,Yes
2272,5813,Yes
2273,5814,Yes
2274,5815,No
2275,5816,Yes
2276,5817,Yes
2277,5818,Yes
2278,5819,Yes
2279,5820,No
2280,5821,No
2281,5822,Yes
2282,5823,Yes
2283,5824,Yes
2284,5825,Yes
2285,5826,Yes
2286,5827,Yes
2287,5828,No
2288,5829,Yes
2289,5830,Yes
2290,5831,No
2291,5832,Yes
2292,5833,Yes
2293,5834,Yes
2294,5835,Yes
2295,5836,Yes
2296,5837,Yes
2297,5838,Yes
2298,5839,No
2299,5840,Yes
2300,5841,Yes
2301,5842,Yes
2302,5843,Yes
2303,5844,Yes
2304,5845,No
2305,5846,Yes
2306,5847,No
2307,5848,Yes
2308,5849,No
2309,5850,Yes
2310,5851,No
2311,5852,Yes
2312,5853,No
2313,5854,Yes
2314,5855,No
2315,5856,Yes
2316,5857,Yes
2317,5858,No
2318,5859,Yes
2319,5860,Yes
2320,5861,No
2321,5862,Yes
2322,5863,Yes
2323,5864,Yes
2324,5865,No
2325,5866,Yes
2326,5867,Yes
2327,5868,Yes
2328,5869,Yes
2329,5870,Yes
2330,5871,No
2331,5872,Yes
2332,5873,Yes
2333,5874,No
2334,5875,No
2335,5876,Yes
2336,5877,Yes
2337,5878,Yes
2338,5879,Yes
2339,5880,No
2340,5881,Yes
2341,5882,Yes
2342,5883,Yes
2343,5884,No
2344,5885,Yes
2345,5886,Yes
2346,5887,No
2347,5888,Yes
2348,5889,No
2349,5890,No
2350,5891,Yes
2351,5892,Yes
2352,5893,Yes
2353,5894,Yes
2354,5895,Yes
2355,5896,No
2356,5897,Yes
2357,5898,No
2358,5899,Yes
2359,5900,No
2360,5901,No
2361,5902,Yes
2362,5903,Yes
2363,5904,Yes
2364,5905,Yes
2365,5906,No
2366,5907,Yes
2367,5908,Yes
2368,5909,Yes
2369,5910,Yes
2370,5911,Yes
2371,5912,No
2372,5913,Yes
2373,5914,Yes
2374,5915,Yes
2375,5916,No
2376,5917,Yes
2377,5918,Yes
2378,5919,Yes
2379,5920,No
2380,5921,Yes
2381,5922,Yes
2382,5923,Yes
2383,5924,Yes
2384,5925,Yes
2385,5926,Yes
2386,5927,Yes
2387,5928,Yes
2388,5929,No
2389,5930,No
2390,5931,Yes
2391,5932,Yes
2392,5933,Yes
2393,5934,No
2394,5935,Yes
2395,5936,Yes
2396,5937,Yes
2397,5938,No
2398,5939,Yes
2399,5940,No
2400,5941,Yes
2401,5942,Yes
2402,5943,No
2403,5944,No
2404,5945,No
2405,5946,No
2406,5947,Yes
2407,5948,Yes
2408,5949,No
2409,5950,Yes
2410,5951,No
2411,5952,No
2412,5953,Yes
2413,5954,No
2414,5955,No
2415,5956,Yes
2416,5957,Yes
2417,5958,Yes
2418,5959,Yes
2419,5960,No
2420,5961,No
2421,5962,Yes
2422,5963,Yes
2423,5964,Yes
2424,5965,Yes
2425,5966,No
2426,5967,Yes
2427,5968,Yes
2428,5969,Yes
2429,5970,Yes
2430,5971,No
2431,5972,Yes
2432,5973,Yes
2433,5974,No
2434,5975,Yes
2435,5976,Yes
2436,5977,Yes
2437,5978,Yes
2438,5979,Yes
2439,5980,Yes
2440,5981,Yes
2441,5982,No
2442,5983,Yes
2443,5984,Yes
2444,5985,Yes
2445,5986,Yes
2446,5987,Yes
2447,5988,Yes
2448,5989,Yes
2449,5990,Yes
2450,5991,Yes
2451,5992,Yes
2452,5993,Yes
2453,5994,No
2454,5995,Yes
2455,5996,Yes
2456,5997,No
2457,5998,Yes
2458,5999,Yes
2459,6000,No
2460,6001,No
2461,6002,Yes
2462,6003,No
2463,6004,Yes
2464,6005,No
2465,6006,Yes
2466,6007,Yes
2467,6008,Yes
2468,6009,Yes
2469,6010,No
2470,6011,Yes
2471,6012,Yes
2472,6013,No
2473,6014,Yes
2474,6015,No
2475,6016,Yes
2476,6017,Yes
2477,6018,No
2478,6019,No
2479,6020,No
2480,6021,Yes
2481,6022,Yes
2482,6023,Yes
2483,6024,No
2484,6025,No
2485,6026,No
2486,6027,Yes
2487,6028,Yes
2488,6029,No
2489,6030,Yes
2490,6031,No
2491,6032,Yes
2492,6033,Yes
2493,6034,No
2494,6035,Yes
2495,6036,Yes
2496,6037,Yes
2497,6038,Yes
2498,6039,Yes
2499,6040,Yes
2500,6041,Yes
2501,6042,Yes
2502,6043,Yes
2503,6044,Yes
2504,6045,Yes
2505,6046,Yes
2506,6047,Yes
2507,6048,Yes
2508,6049,No
2509,6050,Yes
2510,6051,Yes
2511,6052,No
2512,6053,Yes
2513,6054,No
2514,6055,No
2515,6056,Yes
2516,6057,No
2517,6058,No
2518,6059,No
2519,6060,Yes
2520,6061,No
2521,6062,No
2522,6063,Yes
2523,6064,Yes
2524,6065,Yes
2525,6066,Yes
2526,6067,Yes
2527,6068,Yes
2528,6069,Yes
2529,6070,Yes
2530,6071,Yes
2531,6072,No
2532,6073,Yes
2533,6074,Yes
2534,6075,No
2535,6076,Yes
2536,6077,Yes
2537,6078,Yes
2538,6079,Yes
2539,6080,No
2540,6081,No
2541,6082,Yes
2542,6083,Yes
2543,6084,Yes
2544,6085,Yes
2545,6086,Yes
2546,6087,Yes
2547,6088,No
2548,6089,Yes
2549,6090,Yes
2550,6091,Yes
2551,6092,Yes
2552,6093,No
2553,6094,Yes
2554,6095,Yes
2555,6096,Yes
2556,6097,No
2557,6098,No
2558,6099,Yes
2559,6100,Yes
2560,6101,Yes
2561,6102,Yes
2562,6103,Yes
2563,6104,Yes
2564,6105,Yes
2565,6106,Yes
2566,6107,No
2567,6108,Yes
2568,6109,Yes
2569,6110,Yes
2570,6111,Yes
2571,6112,No
2572,6113,Yes
2573,6114,Yes
2574,6115,Yes
2575,6116,No
2576,6117,No
2577,6118,Yes
2578,6119,Yes
2579,6120,Yes
2580,6121,No
2581,6122,Yes
2582,6123,No
2583,6124,Yes
2584,6125,Yes
2585,6126,No
2586,6127,No
2587,6128,Yes
2588,6129,No
2589,6130,Yes
2590,6131,Yes
2591,6132,Yes
2592,6133,Yes
2593,6134,No
2594,6135,Yes
2595,6136,Yes
2596,6137,No
2597,6138,Yes
2598,6139,No
2599,6140,Yes
2600,6141,No
2601,6142,No
2602,6143,Yes
2603,6144,Yes
2604,6145,Yes
2605,6146,Yes
2606,6147,Yes
2607,6148,Yes
2608,6149,No
2609,6150,No
2610,6151,No
2611,6152,Yes
2612,6153,No
2613,6154,Yes
2614,6155,Yes
2615,6156,Yes
2616,6157,No
2617,6158,Yes
2618,6159,No
2619,6160,Yes
2620,6161,Yes
2621,6162,Yes
2622,6163,Yes
2623,6164,Yes
2624,6165,No
2625,6166,Yes
2626,6167,No
2627,6168,Yes
2628,6169,Yes
2629,6170,Yes
2630,6171,Yes
2631,6172,No
2632,6173,Yes
2633,6174,Yes
2634,6175,No
2635,6176,Yes
2636,6177,No
2637,6178,No
2638,6179,Yes
2639,6180,Yes
2640,6181,No
2641,6182,No
2642,6183,No
2643,6184,No
2644,6185,Yes
2645,6186,Yes
2646,6187,No
2647,6188,No
2648,6189,Yes
2649,6190,Yes
2650,6191,Yes
2651,6192,Yes
2652,6193,Yes
2653,6194,No
2654,6195,Yes
2655,6196,Yes
2656,6197,Yes
2657,6198,Yes
2658,6199,Yes
2659,6200,Yes
2660,6201,No
2661,6202,No
2662,6203,No
2663,6204,Yes
2664,6205,Yes
2665,6206,No
2666,6207,No
2667,6208,Yes
2668,6209,Yes
2669,6210,No
2670,6211,Yes
2671,6212,No
2672,6213,No
2673,6214,No
2674,6215,No
2675,6216,No
2676,6217,Yes
2677,6218,Yes
2678,6219,Yes
2679,6220,Yes
2680,6221,Yes
2681,6222,Yes
2682,6223,Yes
2683,6224,Yes
2684,6225,Yes
2685,6226,Yes
2686,6227,No
2687,6228,Yes
2688,6229,No
2689,6230,No
2690,6231,Yes
2691,6232,Yes
2692,6233,No
2693,6234,No
2694,6235,No
2695,6236,Yes
2696,6237,Yes
2697,6238,Yes
2698,6239,Yes
2699,6240,Yes
2700,6241,Yes
2701,6242,Yes
2702,6243,Yes
2703,6244,Yes
2704,6245,No
2705,6246,No
2706,6247,No
2707,6248,No
2708,6249,Yes
2709,6250,No
2710,6251,Yes
2711,6252,Yes
2712,6253,Yes
2713,6254,Yes
2714,6255,Yes
2715,6256,Yes
2716,6257,Yes
2717,6258,Yes
2718,6259,Yes
2719,6260,No
2720,6261,Yes
2721,6262,No
2722,6263,No
2723,6264,No
2724,6265,Yes
2725,6266,Yes
2726,6267,No
2727,6268,Yes
2728,6269,No
2729,6270,Yes
2730,6271,No
2731,6272,No
2732,6273,Yes
2733,6274,Yes
2734,6275,Yes
2735,6276,Yes
2736,6277,Yes
2737,6278,No
2738,6279,Yes
2739,6280,Yes
2740,6281,Yes
2741,6282,Yes
2742,6283,Yes
2743,6284,Yes
2744,6285,Yes
2745,6286,No
2746,6287,No
2747,6288,Yes
2748,6289,Yes
2749,6290,No
2750,6291,Yes
2751,6292,No
2752,6293,Yes
2753,6294,No
2754,6295,Yes
2755,6296,Yes
2756,6297,No
2757,6298,Yes
2758,6299,Yes
2759,6300,Yes
2760,6301,Yes
2761,6302,No
2762,6303,Yes
2763,6304,Yes
2764,6305,Yes
2765,6306,Yes
2766,6307,No
2767,6308,No
2768,6309,No
2769,6310,Yes
2770,6311,Yes
2771,6312,Yes
2772,6313,Yes
2773,6314,No
2774,6315,No
2775,6316,No
2776,6317,Yes
2777,6318,Yes
2778,6319,Yes
2779,6320,Yes
2780,6321,Yes
2781,6322,Yes
2782,6323,No
2783,6324,Yes
2784,6325,Yes
2785,6326,No
2786,6327,Yes
2787,6328,No
2788,6329,No
2789,6330,No
2790,6331,No
2791,6332,No
2792,6333,Yes
2793,6334,Yes
2794,6335,Yes
2795,6336,Yes
2796,6337,Yes
2797,6338,No
2798,6339,Yes
2799,6340,Yes
2800,6341,Yes
2801,6342,Yes
2802,6343,No
2803,6344,No
2804,6345,No
2805,6346,No
2806,6347,Yes
2807,6348,Yes
2808,6349,No
2809,6350,Yes
2810,6351,No
2811,6352,No
2812,6353,Yes
2813,6354,No
2814,6355,Yes
2815,6356,Yes
2816,6357,No
2817,6358,Yes
2818,6359,Yes
2819,6360,Yes
2820,6361,Yes
2821,6362,Yes
2822,6363,Yes
2823,6364,Yes
2824,6365,Yes
2825,6366,No
2826,6367,Yes
2827,6368,Yes
2828,6369,Yes
2829,6370,Yes
2830,6371,Yes
2831,6372,Yes
2832,6373,Yes
2833,6374,Yes
2834,6375,No
2835,6376,No
2836,6377,Yes
2837,6378,Yes
2838,6379,No
2839,6380,Yes
2840,6381,No
2841,6382,Yes
2842,6383,Yes
2843,6384,No
2844,6385,Yes
2845,6386,Yes
2846,6387,Yes
2847,6388,No
2848,6389,Yes
2849,6390,No
2850,6391,Yes
2851,6392,Yes
2852,6393,No
2853,6394,Yes
2854,6395,Yes
2855,6396,No
2856,6397,Yes
2857,6398,Yes
2858,6399,No
2859,6400,Yes
2860,6401,Yes
2861,6402,Yes
2862,6403,Yes
2863,6404,Yes
2864,6405,Yes
2865,6406,No
2866,6407,Yes
2867,6408,Yes
2868,6409,Yes
2869,6410,Yes
2870,6411,No
2871,6412,Yes
2872,6413,No
2873,6414,Yes
2874,6415,Yes
2875,6416,No
2876,6417,Yes
2877,6418,No
2878,6419,Yes
2879,6420,Yes
2880,6421,Yes
2881,6422,Yes
2882,6423,Yes
2883,6424,Yes
2884,6425,Yes
2885,6426,Yes
2886,6427,No
2887,6428,Yes
2888,6429,No
2889,6430,No
2890,6431,No
2891,6432,No
2892,6433,Yes
2893,6434,Yes
2894,6435,Yes
2895,6436,Yes
2896,6437,No
2897,6438,No
2898,6439,Yes
2899,6440,Yes
2900,6441,No
2901,6442,Yes
2902,6443,Yes
2903,6444,Yes
2904,6445,Yes
2905,6446,Yes
2906,6447,Yes
2907,6448,Yes
2908,6449,Yes
2909,6450,Yes
2910,6451,No
2911,6452,No
2912,6453,Yes
2913,6454,Yes
2914,6455,No
2915,6456,No
2916,6457,No
2917,6458,No
2918,6459,Yes
2919,6460,No
2920,6461,No
2921,6462,No
2922,6463,Yes
2923,6464,Yes
2924,6465,No
2925,6466,No
2926,6467,Yes
2927,6468,No
2928,6469,Yes
2929,6470,Yes
2930,6471,Yes
2931,6472,No
2932,6473,No
2933,6474,Yes
2934,6475,Yes
2935,6476,No
2936,6477,No
2937,6478,Yes
2938,6479,Yes
2939,6480,Yes
2940,6481,No
2941,6482,Yes
2942,6483,Yes
2943,6484,No
2944,6485,Yes
2945,6486,Yes
2946,6487,No
2947,6488,Yes
2948,6489,Yes
2949,6490,No
2950,6491,Yes
2951,6492,No
2952,6493,Yes
2953,6494,Yes
2954,6495,Yes
2955,6496,No
2956,6497,Yes
2957,6498,No
2958,6499,Yes
2959,6500,Yes
2960,6501,Yes
2961,6502,Yes
2962,6503,No
2963,6504,No
2964,6505,Yes
2965,6506,Yes
2966,6507,Yes
2967,6508,Yes
2968,6509,Yes
2969,6510,Yes
2970,6511,Yes
2971,6512,No
2972,6513,Yes
2973,6514,Yes
2974,6515,No
2975,6516,Yes
2976,6517,No
2977,6518,Yes
2978,6519,No
2979,6520,Yes
2980,6521,No
2981,6522,Yes
2982,6523,Yes
2983,6524,Yes
2984,6525,Yes
2985,6526,Yes
2986,6527,Yes
2987,6528,No
2988,6529,Yes
2989,6530,Yes
2990,6531,Yes
2991,6532,Yes
2992,6533,Yes
2993,6534,Yes
2994,6535,Yes
2995,6536,Yes
2996,6537,No
2997,6538,Yes
2998,6539,No
2999,6540,Yes
3000,6541,Yes
3001,6542,Yes
3002,6543,No
3003,6544,No
3004,6545,Yes
3005,6546,No
3006,6547,Yes
3007,6548,Yes
3008,6549,No
3009,6550,Yes
3010,6551,Yes
3011,6552,Yes
3012,6553,Yes
3013,6554,Yes
3014,6555,Yes
3015,6556,Yes
3016,6557,Yes
3017,6558,Yes
3018,6559,Yes
3019,6560,No
3020,6561,No
3021,6562,Yes
3022,6563,Yes
3023,6564,No
3024,6565,Yes
3025,6566,Yes
3026,6567,Yes
3027,6568,No
3028,6569,Yes
3029,6570,Yes
3030,6571,Yes
3031,6572,No
3032,6573,Yes
3033,6574,No
3034,6575,Yes
3035,6576,No
3036,6577,Yes
3037,6578,Yes
3038,6579,Yes
3039,6580,Yes
3040,6581,Yes
3041,6582,No
3042,6583,No
3043,6584,Yes
3044,6585,No
3045,6586,No
3046,6587,No
3047,6588,No
3048,6589,Yes
3049,6590,Yes
3050,6591,Yes
3051,6592,Yes
3052,6593,No
3053,6594,No
3054,6595,Yes
3055,6596,No
3056,6597,Yes
3057,6598,Yes
3058,6599,Yes
3059,6600,No
3060,6601,No
3061,6602,No
3062,6603,No
3063,6604,No
3064,6605,Yes
3065,6606,Yes
3066,6607,Yes
3067,6608,Yes
3068,6609,Yes
3069,6610,No
3070,6611,Yes
3071,6612,Yes
3072,6613,Yes
3073,6614,Yes
3074,6615,Yes
3075,6616,No
3076,6617,Yes
3077,6618,Yes
3078,6619,Yes
3079,6620,Yes
3080,6621,Yes
3081,6622,Yes
3082,6623,Yes
3083,6624,Yes
3084,6625,Yes
3085,6626,Yes
3086,6627,Yes
3087,6628,Yes
3088,6629,No
3089,6630,Yes
3090,6631,No
3091,6632,No
3092,6633,Yes
3093,6634,No
3094,6635,No
3095,6636,Yes
3096,6637,Yes
3097,6638,Yes
3098,6639,No
3099,6640,Yes
3100,6641,No
3101,6642,Yes
3102,6643,Yes
3103,6644,Yes
3104,6645,Yes
3105,6646,Yes
3106,6647,Yes
3107,6648,Yes
3108,6649,Yes
3109,6650,No
3110,6651,No
3111,6652,Yes
3112,6653,Yes
3113,6654,Yes
3114,6655,Yes
3115,6656,Yes
3116,6657,Yes
3117,6658,No
3118,6659,No
3119,6660,Yes
3120,6661,No
3121,6662,Yes
3122,6663,Yes
3123,6664,Yes
3124,6665,No
3125,6666,No
3126,6667,No
3127,6668,Yes
3128,6669,Yes
3129,6670,No
3130,6671,Yes
3131,6672,Yes
3132,6673,Yes
3133,6674,Yes
3134,6675,Yes
3135,6676,No
3136,6677,No
3137,6678,No
3138,6679,Yes
3139,6680,Yes
3140,6681,Yes
3141,6682,No
3142,6683,No
3143,6684,Yes
3144,6685,Yes
3145,6686,Yes
3146,6687,Yes
3147,6688,No
3148,6689,No
3149,6690,No
3150,6691,No
3151,6692,Yes
3152,6693,Yes
3153,6694,Yes
3154,6695,No
3155,6696,Yes
3156,6697,Yes
3157,6698,Yes
3158,6699,No
3159,6700,No
3160,6701,Yes
3161,6702,Yes
3162,6703,No
3163,6704,No
3164,6705,Yes
3165,6706,No
3166,6707,Yes
3167,6708,Yes
3168,6709,Yes
3169,6710,Yes
3170,6711,No
3171,6712,No
3172,6713,Yes
3173,6714,Yes
3174,6715,Yes
3175,6716,No
3176,6717,Yes
3177,6718,Yes
3178,6719,Yes
3179,6720,Yes
3180,6721,No
3181,6722,Yes
3182,6723,Yes
3183,6724,No
3184,6725,Yes
3185,6726,Yes
3186,6727,No
3187,6728,No
3188,6729,No
3189,6730,Yes
3190,6731,No
3191,6732,Yes
3192,6733,No
3193,6734,Yes
3194,6735,Yes
3195,6736,Yes
3196,6737,Yes
3197,6738,Yes
3198,6739,Yes
3199,6740,Yes
3200,6741,No
3201,6742,Yes
3202,6743,Yes
3203,6744,Yes
3204,6745,No
3205,6746,No
3206,6747,No
3207,6748,Yes
3208,6749,Yes
3209,6750,No
3210,6751,Yes
3211,6752,No
3212,6753,Yes
3213,6754,Yes
3214,6755,No
3215,6756,Yes
3216,6757,Yes
3217,6758,Yes
3218,6759,Yes
3219,6760,Yes
3220,6761,Yes
3221,6762,Yes
3222,6763,No
3223,6764,No
3224,6765,Yes
3225,6766,Yes
3226,6767,Yes
3227,6768,Yes
3228,6769,Yes
3229,6770,Yes
3230,6771,No
3231,6772,No
3232,6773,No
3233,6774,No
3234,6775,Yes
3235,6776,Yes
3236,6777,No
3237,6778,No
3238,6779,No
3239,6780,Yes
3240,6781,No
3241,6782,Yes
3242,6783,Yes
3243,6784,Yes
3244,6785,Yes
3245,6786,Yes
3246,6787,No
3247,6788,No
3248,6789,No
3249,6790,Yes
3250,6791,No
3251,6792,No
3252,6793,Yes
3253,6794,No
3254,6795,Yes
3255,6796,Yes
3256,6797,No
3257,6798,Yes
3258,6799,Yes
3259,6800,Yes
3260,6801,No
3261,6802,Yes
3262,6803,Yes
3263,6804,Yes
3264,6805,No
3265,6806,Yes
3266,6807,No
3267,6808,Yes
3268,6809,Yes
3269,6810,No
3270,6811,No
3271,6812,No
3272,6813,No
3273,6814,Yes
3274,6815,Yes
3275,6816,Yes
3276,6817,Yes
3277,6818,Yes
3278,6819,No
3279,6820,Yes
3280,6821,Yes
3281,6822,Yes
3282,6823,No
3283,6824,Yes
3284,6825,No
3285,6826,No
3286,6827,Yes
3287,6828,Yes
3288,6829,Yes
3289,6830,Yes
3290,6831,No
3291,6832,No
3292,6833,Yes
3293,6834,Yes
3294,6835,Yes
3295,6836,Yes
3296,6837,Yes
3297,6838,Yes
3298,6839,Yes
3299,6840,Yes
3300,6841,No
3301,6842,Yes
3302,6843,Yes
3303,6844,Yes
3304,6845,Yes
3305,6846,No
3306,6847,Yes
3307,6848,Yes
3308,6849,No
3309,6850,Yes
3310,6851,Yes
3311,6852,Yes
3312,6853,Yes
3313,6854,Yes
3314,6855,Yes
3315,6856,Yes
3316,6857,Yes
3317,6858,Yes
3318,6859,Yes
3319,6860,Yes
3320,6861,Yes
3321,6862,Yes
3322,6863,No
3323,6864,No
3324,6865,Yes
3325,6866,No
3326,6867,Yes
3327,6868,No
3328,6869,Yes
3329,6870,Yes
3330,6871,Yes
3331,6872,No
3332,6873,No
3333,6874,No
3334,6875,Yes
3335,6876,No
3336,6877,No
3337,6878,Yes
3338,6879,Yes
3339,6880,Yes
3340,6881,Yes
3341,6882,Yes
3342,6883,Yes
3343,6884,Yes
3344,6885,Yes
3345,6886,No
3346,6887,Yes
3347,6888,No
3348,6889,Yes
3349,6890,No
3350,6891,Yes
3351,6892,Yes
3352,6893,Yes
3353,6894,Yes
3354,6895,Yes
3355,6896,No
3356,6897,Yes
3357,6898,Yes
3358,6899,No
3359,6900,No
3360,6901,Yes
3361,6902,Yes
3362,6903,Yes
3363,6904,Yes
3364,6905,Yes
3365,6906,No
3366,6907,No
3367,6908,No
3368,6909,Yes
3369,6910,Yes
3370,6911,Yes
3371,6912,No
3372,6913,No
3373,6914,No
3374,6915,Yes
3375,6916,Yes
3376,6917,Yes
3377,6918,Yes
3378,6919,Yes
3379,6920,Yes
3380,6921,Yes
3381,6922,Yes
3382,6923,No
3383,6924,Yes
3384,6925,Yes
3385,6926,Yes
3386,6927,Yes
3387,6928,Yes
3388,6929,Yes
3389,6930,Yes
3390,6931,Yes
3391,6932,Yes
3392,6933,Yes
3393,6934,Yes
3394,6935,Yes
3395,6936,Yes
3396,6937,Yes
3397,6938,Yes
3398,6939,Yes
3399,6940,No
3400,6941,Yes
3401,6942,Yes
3402,6943,No
3403,6944,Yes
3404,6945,No
3405,6946,Yes
3406,6947,Yes
3407,6948,No
3408,6949,Yes
3409,6950,Yes
3410,6951,Yes
3411,6952,Yes
3412,6953,No
3413,6954,Yes
3414,6955,Yes
3415,6956,Yes
3416,6957,Yes
3417,6958,Yes
3418,6959,Yes
3419,6960,Yes
3420,6961,No
3421,6962,Yes
3422,6963,Yes
3423,6964,No
3424,6965,Yes
3425,6966,Yes
3426,6967,Yes
3427,6968,Yes
3428,6969,Yes
3429,6970,No
3430,6971,Yes
3431,6972,Yes
3432,6973,Yes
3433,6974,Yes
3434,6975,Yes
3435,6976,Yes
3436,6977,Yes
3437,6978,Yes
3438,6979,Yes
3439,6980,Yes
3440,6981,Yes
3441,6982,No
3442,6983,Yes
3443,6984,Yes
3444,6985,Yes
3445,6986,Yes
3446,6987,No
3447,6988,Yes
3448,6989,Yes
3449,6990,Yes
3450,6991,Yes
3451,6992,No
3452,6993,No
3453,6994,No
3454,6995,Yes
3455,6996,No
3456,6997,No
3457,6998,No
3458,6999,No
3459,7000,Yes
3460,7001,No
3461,7002,No
3462,7003,Yes
3463,7004,Yes
3464,7005,Yes
3465,7006,Yes
3466,7007,Yes
3467,7008,Yes
3468,7009,Yes
3469,7010,No
3470,7011,Yes
3471,7012,Yes
3472,7013,No
3473,7014,Yes
3474,7015,Yes
3475,7016,No
3476,7017,Yes
3477,7018,Yes
3478,7019,Yes
3479,7020,Yes
3480,7021,Yes
3481,7022,Yes
3482,7023,No
3483,7024,Yes
3484,7025,No
3485,7026,Yes
3486,7027,Yes
3487,7028,No
3488,7029,Yes
3489,7030,Yes
3490,7031,Yes
3491,7032,Yes
3492,7033,No
3493,7034,Yes
3494,7035,Yes
3495,7036,Yes
3496,7037,Yes
3497,7038,Yes
3498,7039,Yes
3499,7040,Yes
3500,7041,Yes
3501,7042,Yes
3502,7043,No
3503,7044,Yes
3504,7045,No
3505,7046,No
3506,7047,Yes
3507,7048,Yes
3508,7049,Yes
3509,7050,Yes
3510,7051,Yes
3511,7052,No
3512,7053,Yes
3513,7054,Yes
3514,7055,Yes
3515,7056,No
3516,7057,Yes
3517,7058,Yes
3518,7059,No
3519,7060,Yes
3520,7061,Yes
3521,7062,No
3522,7063,Yes
3523,7064,No
3524,7065,Yes
3525,7066,Yes
3526,7067,No
3527,7068,Yes
3528,7069,Yes
3529,7070,No
3530,7071,Yes
3531,7072,Yes
3532,7073,Yes
3533,7074,Yes
3534,7075,Yes
3535,7076,No
3536,7077,Yes
3537,7078,No
3538,7079,Yes
3539,7080,No
3540,7081,Yes
3541,7082,No
3542,7083,Yes
3543,7084,Yes
3544,7085,No
3545,7086,Yes
3546,7087,Yes
3547,7088,Yes
3548,7089,Yes
3549,7090,Yes
3550,7091,Yes
3551,7092,No
3552,7093,Yes
3553,7094,Yes
3554,7095,Yes
3555,7096,Yes
3556,7097,Yes
3557,7098,Yes
3558,7099,Yes
3559,7100,Yes
3560,7101,No
3561,7102,No
3562,7103,Yes
3563,7104,Yes
3564,7105,Yes
3565,7106,Yes
3566,7107,Yes
3567,7108,Yes
3568,7109,Yes
3569,7110,No
3570,7111,No
3571,7112,Yes
3572,7113,Yes
3573,7114,No
3574,7115,No
3575,7116,Yes
3576,7117,Yes
3577,7118,Yes
3578,7119,Yes
3579,7120,Yes
3580,7121,Yes
3581,7122,No
3582,7123,No
3583,7124,No
3584,7125,Yes
3585,7126,Yes
3586,7127,Yes
3587,7128,No
3588,7129,Yes
3589,7130,No
3590,7131,No
3591,7132,No
3592,7133,Yes
3593,7134,No
3594,7135,Yes
3595,7136,No
3596,7137,No
3597,7138,Yes
3598,7139,Yes
3599,7140,Yes
3600,7141,Yes
3601,7142,Yes
3602,7143,Yes
3603,7144,No
3604,7145,Yes
3605,7146,Yes
3606,7147,Yes
3607,7148,Yes
3608,7149,Yes
3609,7150,Yes
3610,7151,Yes
3611,7152,No
3612,7153,Yes
3613,7154,No
3614,7155,Yes
3615,7156,Yes
3616,7157,Yes
3617,7158,Yes
3618,7159,Yes
3619,7160,No
3620,7161,Yes
3621,7162,Yes
3622,7163,No
3623,7164,Yes
3624,7165,No
3625,7166,Yes
3626,7167,Yes
3627,7168,No
3628,7169,No
3629,7170,Yes
3630,7171,Yes
3631,7172,Yes
3632,7173,Yes
3633,7174,Yes
3634,7175,Yes
3635,7176,No
3636,7177,Yes
3637,7178,No
3638,7179,Yes
3639,7180,Yes
3640,7181,No
3641,7182,No
3642,7183,Yes
3643,7184,Yes
3644,7185,Yes
3645,7186,Yes
3646,7187,No
3647,7188,No
3648,7189,Yes
3649,7190,Yes
3650,7191,No
3651,7192,No
3652,7193,Yes
3653,7194,No
3654,7195,Yes
3655,7196,Yes
3656,7197,Yes
3657,7198,Yes
3658,7199,No
3659,7200,Yes
3660,7201,No
3661,7202,Yes
3662,7203,Yes
3663,7204,Yes
3664,7205,Yes
3665,7206,Yes
3666,7207,No
3667,7208,No
3668,7209,Yes
3669,7210,Yes
3670,7211,Yes
3671,7212,Yes
3672,7213,Yes
3673,7214,Yes
3674,7215,No
3675,7216,No
3676,7217,No
3677,7218,No
3678,7219,Yes
3679,7220,No
3680,7221,No
3681,7222,No
3682,7223,Yes
3683,7224,Yes
3684,7225,Yes
3685,7226,No
3686,7227,Yes
3687,7228,Yes
3688,7229,Yes
3689,7230,Yes
3690,7231,No
3691,7232,Yes
3692,7233,Yes
3693,7234,No
3694,7235,Yes
3695,7236,No
3696,7237,Yes
3697,7238,No
3698,7239,Yes
3699,7240,Yes
3700,7241,Yes
3701,7242,Yes
3702,7243,Yes
3703,7244,Yes
3704,7245,No
3705,7246,Yes
3706,7247,Yes
3707,7248,Yes
3708,7249,No
3709,7250,Yes
3710,7251,Yes
3711,7252,Yes
3712,7253,No
3713,7254,Yes
3714,7255,Yes
3715,7256,Yes
3716,7257,Yes
3717,7258,No
3718,7259,Yes
3719,7260,Yes
3720,7261,Yes
3721,7262,Yes
3722,7263,No
3723,7264,Yes
3724,7265,Yes
3725,7266,Yes
3726,7267,No
3727,7268,No
3728,7269,Yes
3729,7270,No
3730,7271,Yes
3731,7272,Yes
3732,7273,Yes
3733,7274,Yes
3734,7275,Yes
3735,7276,Yes
3736,7277,Yes
3737,7278,Yes
3738,7279,Yes
3739,7280,Yes
3740,7281,Yes
3741,7282,No
3742,7283,Yes
3743,7284,Yes
3744,7285,Yes
3745,7286,Yes
3746,7287,No
3747,7288,Yes
3748,7289,No
3749,7290,No
3750,7291,No
3751,7292,Yes
3752,7293,No
3753,7294,No
3754,7295,Yes
3755,7296,No
3756,7297,Yes
3757,7298,Yes
3758,7299,Yes
3759,7300,Yes
3760,7301,Yes
3761,7302,Yes
3762,7303,Yes
3763,7304,Yes
3764,7305,No
3765,7306,No
3766,7307,Yes
3767,7308,No
3768,7309,Yes
3769,7310,Yes
3770,7311,Yes
3771,7312,Yes
3772,7313,Yes
3773,7314,Yes
3774,7315,No
3775,7316,No
3776,7317,No
3777,7318,Yes
3778,7319,Yes
3779,7320,No
3780,7321,No
3781,7322,Yes
3782,7323,No
3783,7324,Yes
3784,7325,Yes
3785,7326,Yes
3786,7327,Yes
3787,7328,Yes
3788,7329,Yes
3789,7330,No
3790,7331,Yes
3791,7332,Yes
3792,7333,No
3793,7334,Yes
3794,7335,Yes
3795,7336,Yes
3796,7337,No
3797,7338,No
3798,7339,No
3799,7340,No
3800,7341,No
3801,7342,No
3802,7343,Yes
3803,7344,No
3804,7345,Yes
3805,7346,Yes
3806,7347,No
3807,7348,No
3808,7349,Yes
3809,7350,Yes
3810,7351,Yes
3811,7352,Yes
3812,7353,Yes
3813,7354,Yes
3814,7355,Yes
3815,7356,Yes
3816,7357,Yes
3817,7358,No
3818,7359,Yes
3819,7360,Yes
3820,7361,Yes
3821,7362,Yes
3822,7363,Yes
3823,7364,Yes
3824,7365,Yes
3825,7366,Yes
3826,7367,Yes
3827,7368,Yes
3828,7369,Yes
3829,7370,Yes
3830,7371,Yes
3831,7372,Yes
3832,7373,Yes
3833,7374,No
3834,7375,Yes
3835,7376,Yes
3836,7377,No
3837,7378,No
3838,7379,Yes
3839,7380,No
3840,7381,Yes
3841,7382,No
3842,7383,Yes
3843,7384,Yes
3844,7385,Yes
3845,7386,No
3846,7387,Yes
3847,7388,Yes
3848,7389,Yes
3849,7390,No
3850,7391,No
3851,7392,No
3852,7393,Yes
3853,7394,Yes
3854,7395,Yes
3855,7396,Yes
3856,7397,Yes
3857,7398,Yes
3858,7399,No
3859,7400,No
3860,7401,No
3861,7402,Yes
3862,7403,No
3863,7404,Yes
3864,7405,No
3865,7406,No
3866,7407,Yes
3867,7408,Yes
3868,7409,No
3869,7410,Yes
3870,7411,Yes
3871,7412,Yes
3872,7413,No
3873,7414,Yes
3874,7415,Yes
3875,7416,No
3876,7417,Yes
3877,7418,Yes
3878,7419,No
3879,7420,Yes
3880,7421,Yes
3881,7422,Yes
3882,7423,Yes
3883,7424,No
3884,7425,No
3885,7426,No
3886,7427,No
3887,7428,No
3888,7429,Yes
3889,7430,No
3890,7431,Yes
3891,7432,Yes
3892,7433,No
3893,7434,Yes
3894,7435,Yes
3895,7436,Yes
3896,7437,No
3897,7438,Yes
3898,7439,No
3899,7440,No
3900,7441,Yes
3901,7442,Yes
3902,7443,Yes
3903,7444,Yes
3904,7445,Yes
3905,7446,No
3906,7447,No
3907,7448,No
3908,7449,No
3909,7450,No
3910,7451,Yes
3911,7452,Yes
3912,7453,No
3913,7454,No
3914,7455,Yes
3915,7456,No
3916,7457,Yes
3917,7458,Yes
3918,7459,No
3919,7460,No
3920,7461,Yes
3921,7462,No
3922,7463,Yes
3923,7464,No
3924,7465,Yes
3925,7466,Yes
3926,7467,Yes
3927,7468,No
3928,7469,Yes
3929,7470,Yes
3930,7471,Yes
3931,7472,Yes
3932,7473,No
3933,7474,No
3934,7475,No
3935,7476,Yes
3936,7477,Yes
3937,7478,Yes
3938,7479,No
3939,7480,Yes
3940,7481,Yes
3941,7482,No
3942,7483,No
3943,7484,Yes
3944,7485,Yes
3945,7486,Yes
3946,7487,Yes
3947,7488,Yes
3948,7489,Yes
3949,7490,No
3950,7491,Yes
3951,7492,No
3952,7493,No
3953,7494,No
3954,7495,Yes
3955,7496,No
3956,7497,No
3957,7498,Yes
3958,7499,Yes
3959,7500,No
3960,7501,Yes
3961,7502,Yes
3962,7503,No
3963,7504,No
3964,7505,No
3965,7506,Yes
3966,7507,Yes
3967,7508,Yes
3968,7509,Yes
3969,7510,Yes
3970,7511,No
3971,7512,Yes
3972,7513,No
3973,7514,Yes
3974,7515,No
3975,7516,No
3976,7517,No
3977,7518,No
3978,7519,No
3979,7520,No
3980,7521,Yes
3981,7522,Yes
3982,7523,No
3983,7524,Yes
3984,7525,No
3985,7526,Yes
3986,7527,No
3987,7528,Yes
3988,7529,Yes
3989,7530,No
3990,7531,Yes
3991,7532,Yes
3992,7533,Yes
3993,7534,Yes
3994,7535,Yes
3995,7536,Yes
3996,7537,Yes
3997,7538,No
3998,7539,Yes
3999,7540,Yes
4000,7541,Yes
4001,7542,Yes
4002,7543,Yes
4003,7544,Yes
4004,7545,Yes
4005,7546,No
4006,7547,No
4007,7548,Yes
4008,7549,No
4009,7550,Yes
4010,7551,Yes
4011,7552,Yes
4012,7553,Yes
4013,7554,Yes
4014,7555,Yes
4015,7556,Yes
4016,7557,No
4017,7558,No
4018,7559,Yes
4019,7560,Yes
4020,7561,No
4021,7562,Yes
4022,7563,Yes
4023,7564,Yes
4024,7565,Yes
4025,7566,No
4026,7567,Yes
4027,7568,No
4028,7569,Yes
4029,7570,No
4030,7571,No
4031,7572,Yes
4032,7573,No
4033,7574,Yes
4034,7575,Yes
4035,7576,No
4036,7577,Yes
4037,7578,No
4038,7579,Yes
4039,7580,No
4040,7581,No
4041,7582,Yes
4042,7583,Yes
4043,7584,No
4044,7585,Yes
4045,7586,No
4046,7587,Yes
4047,7588,Yes
4048,7589,Yes
4049,7590,Yes
4050,7591,No
4051,7592,Yes
4052,7593,No
4053,7594,No
4054,7595,Yes
4055,7596,Yes
4056,7597,Yes
4057,7598,Yes
4058,7599,Yes
4059,7600,Yes
4060,7601,No
4061,7602,No
4062,7603,Yes
4063,7604,Yes
4064,7605,Yes
4065,7606,No
4066,7607,No
4067,7608,Yes
4068,7609,No
4069,7610,Yes
4070,7611,Yes
4071,7612,No
4072,7613,Yes
4073,7614,Yes
4074,7615,Yes
4075,7616,Yes
4076,7617,Yes
4077,7618,Yes
4078,7619,Yes
4079,7620,No
4080,7621,No
4081,7622,Yes
4082,7623,Yes
4083,7624,Yes
4084,7625,No
4085,7626,No
4086,7627,Yes
4087,7628,Yes
4088,7629,Yes
4089,7630,No
4090,7631,Yes
4091,7632,Yes
4092,7633,No
4093,7634,Yes
4094,7635,Yes
4095,7636,Yes
4096,7637,No
4097,7638,Yes
4098,7639,Yes
4099,7640,Yes
4100,7641,Yes
4101,7642,Yes
4102,7643,Yes
4103,7644,Yes
4104,7645,No
4105,7646,Yes
4106,7647,No
4107,7648,Yes
4108,7649,Yes
4109,7650,No
4110,7651,No
4111,7652,Yes
4112,7653,Yes
4113,7654,Yes
4114,7655,Yes
4115,7656,No
4116,7657,No
4117,7658,No
4118,7659,No
4119,7660,No
4120,7661,Yes
4121,7662,Yes
4122,7663,No
4123,7664,Yes
4124,7665,Yes
4125,7666,Yes
4126,7667,Yes
4127,7668,Yes
4128,7669,Yes
4129,7670,Yes
4130,7671,Yes
4131,7672,No
4132,7673,Yes
4133,7674,Yes
4134,7675,No
4135,7676,Yes
4136,7677,Yes
4137,7678,No
4138,7679,Yes
4139,7680,Yes
4140,7681,Yes
4141,7682,Yes
4142,7683,No
4143,7684,Yes
4144,7685,Yes
4145,7686,Yes
4146,7687,Yes
4147,7688,No
4148,7689,Yes
4149,7690,No
4150,7691,No
4151,7692,Yes
4152,7693,No
4153,7694,Yes
4154,7695,Yes
4155,7696,Yes
4156,7697,Yes
4157,7698,No
4158,7699,Yes
4159,7700,No
4160,7701,Yes
4161,7702,Yes
4162,7703,Yes
4163,7704,No
4164,7705,No
4165,7706,No
4166,7707,No
4167,7708,Yes
4168,7709,Yes
4169,7710,Yes
4170,7711,No
4171,7712,Yes
4172,7713,Yes
4173,7714,No
4174,7715,Yes
4175,7716,No
4176,7717,Yes
4177,7718,Yes
4178,7719,Yes
4179,7720,Yes
4180,7721,Yes
4181,7722,Yes
4182,7723,Yes
4183,7724,Yes
4184,7725,Yes
4185,7726,No
4186,7727,Yes
4187,7728,Yes
4188,7729,No
4189,7730,No
4190,7731,Yes
4191,7732,Yes
4192,7733,Yes
4193,7734,No
4194,7735,No
4195,7736,Yes
4196,7737,Yes
4197,7738,Yes
4198,7739,Yes
4199,7740,Yes
4200,7741,Yes
4201,7742,Yes
4202,7743,No
4203,7744,Yes
4204,7745,Yes
4205,7746,Yes
4206,7747,Yes
4207,7748,No
4208,7749,Yes
4209,7750,Yes
4210,7751,Yes
4211,7752,Yes
4212,7753,Yes
4213,7754,No
4214,7755,No
4215,7756,Yes
4216,7757,Yes
4217,7758,Yes
4218,7759,Yes
4219,7760,Yes
4220,7761,No
4221,7762,Yes
4222,7763,Yes
4223,7764,No
4224,7765,No
4225,7766,Yes
4226,7767,Yes
4227,7768,No
4228,7769,Yes
4229,7770,No
4230,7771,Yes
4231,7772,No
4232,7773,No
4233,7774,Yes
4234,7775,No
4235,7776,Yes
4236,7777,Yes
4237,7778,No
4238,7779,Yes
4239,7780,Yes
4240,7781,No
4241,7782,Yes
4242,7783,No
4243,7784,Yes
4244,7785,No
4245,7786,Yes
4246,7787,Yes
4247,7788,No
4248,7789,No
4249,7790,Yes
4250,7791,Yes
4251,7792,Yes
4252,7793,No
4253,7794,No
4254,7795,Yes
4255,7796,No
4256,7797,Yes
4257,7798,No
4258,7799,Yes
4259,7800,Yes
4260,7801,No
4261,7802,Yes
4262,7803,No
4263,7804,Yes
4264,7805,Yes
4265,7806,Yes
4266,7807,Yes
4267,7808,No
4268,7809,No
4269,7810,Yes
4270,7811,Yes
4271,7812,Yes
4272,7813,Yes
4273,7814,Yes
4274,7815,Yes
4275,7816,No
4276,7817,No
4277,7818,No
4278,7819,No
4279,7820,Yes
4280,7821,Yes
4281,7822,No
4282,7823,Yes
4283,7824,No
4284,7825,Yes
4285,7826,No
4286,7827,No
4287,7828,Yes
4288,7829,No
4289,7830,Yes
4290,7831,Yes
4291,7832,Yes
4292,7833,Yes
4293,7834,No
4294,7835,Yes
4295,7836,Yes
4296,7837,No
4297,7838,No
4298,7839,Yes
4299,7840,No
4300,7841,Yes
4301,7842,No
4302,7843,No
4303,7844,No
4304,7845,Yes
4305,7846,Yes
4306,7847,Yes
4307,7848,Yes
4308,7849,Yes
4309,7850,Yes
4310,7851,Yes
4311,7852,No
4312,7853,Yes
4313,7854,Yes
4314,7855,No
4315,7856,Yes
4316,7857,Yes
4317,7858,Yes
4318,7859,Yes
4319,7860,Yes
4320,7861,No
4321,7862,Yes
4322,7863,Yes
4323,7864,Yes
4324,7865,Yes
4325,7866,Yes
4326,7867,No
4327,7868,Yes
4328,7869,Yes
4329,7870,No
4330,7871,Yes
4331,7872,No
4332,7873,Yes
4333,7874,Yes
4334,7875,Yes
4335,7876,Yes
4336,7877,No
4337,7878,Yes
4338,7879,Yes
4339,7880,No
4340,7881,No
4341,7882,No
4342,7883,No
4343,7884,Yes
4344,7885,Yes
4345,7886,Yes
4346,7887,Yes
4347,7888,Yes
4348,7889,Yes
4349,7890,Yes
4350,7891,Yes
4351,7892,Yes
4352,7893,Yes
4353,7894,Yes
4354,7895,Yes
4355,7896,Yes
4356,7897,Yes
4357,7898,Yes
4358,7899,Yes
4359,7900,No
4360,7901,Yes
4361,7902,Yes
4362,7903,Yes
4363,7904,Yes
4364,7905,Yes
4365,7906,Yes
4366,7907,No
4367,7908,No
4368,7909,Yes
4369,7910,Yes
4370,7911,Yes
4371,7912,No
4372,7913,Yes
4373,7914,Yes
4374,7915,Yes
4375,7916,Yes
4376,7917,No
4377,7918,Yes
4378,7919,Yes
4379,7920,Yes
4380,7921,Yes
4381,7922,Yes
4382,7923,Yes
4383,7924,Yes
4384,7925,Yes
4385,7926,No
4386,7927,Yes
4387,7928,Yes
4388,7929,Yes
4389,7930,Yes
4390,7931,No
4391,7932,Yes
4392,7933,No
4393,7934,No
4394,7935,No
4395,7936,Yes
4396,7937,Yes
4397,7938,Yes
4398,7939,Yes
4399,7940,No
4400,7941,Yes
4401,7942,Yes
4402,7943,Yes
4403,7944,Yes
4404,7945,Yes
4405,7946,Yes
4406,7947,Yes
4407,7948,Yes
4408,7949,No
4409,7950,No
4410,7951,Yes
4411,7952,Yes
4412,7953,No
4413,7954,Yes
4414,7955,Yes
4415,7956,Yes
4416,7957,Yes
4417,7958,Yes
4418,7959,Yes
4419,7960,Yes
4420,7961,No
4421,7962,Yes
4422,7963,No
4423,7964,Yes
4424,7965,Yes
4425,7966,Yes
4426,7967,No
4427,7968,Yes
4428,7969,Yes
4429,7970,Yes
4430,7971,Yes
4431,7972,Yes
4432,7973,No
4433,7974,Yes
4434,7975,Yes
4435,7976,Yes
4436,7977,Yes
4437,7978,Yes
4438,7979,Yes
